Ground Truth,SKPredictions,LRPredictions
Entertainment,Entertainment,Entertainment
International,International,International
Business,Business,Business
International,Entertainment,International
Sports,Sports,Sports
Business,Business,Business
Entertainment,Entertainment,Entertainment
Entertainment,Entertainment,Entertainment
Science-Technology,Science-Technology,Science-Technology
Sports,Sports,Sports
Entertainment,Entertainment,Entertainment
Sports,Sports,Sports
Science-Technology,Science-Technology,Science-Technology
Business,Business,Business
Sports,Sports,Sports
International,International,International
International,International,International
International,International,International
Business,Business,Business
Entertainment,Entertainment,Entertainment
Sports,Sports,Sports
Science-Technology,Science-Technology,Science-Technology
Science-Technology,Science-Technology,Science-Technology
Business,Business,Business
Business,Business,Business
Business,Business,Business
Science-Technology,Science-Technology,Science-Technology
International,Business,Business
Business,Business,Business
Business,Business,Business
Sports,Sports,Sports
Sports,Sports,Sports
Sports,Sports,Sports
Business,Business,Business
Science-Technology,Science-Technology,Science-Technology
International,International,International
Business,Business,Business
Entertainment,Entertainment,Business
Entertainment,Entertainment,Entertainment
Sports,Sports,Sports
Business,Business,Business
International,International,International
International,International,International
Entertainment,Entertainment,Entertainment
Sports,Sports,Sports
Sports,Sports,Sports
International,International,International
International,International,International
Entertainment,Entertainment,Entertainment
International,International,International
Entertainment,Entertainment,Entertainment
Business,Business,Business
Entertainment,Entertainment,Entertainment
Entertainment,Entertainment,Entertainment
Sports,Sports,Sports
Entertainment,Entertainment,Entertainment
Entertainment,Entertainment,Entertainment
Business,Business,Business
Entertainment,Entertainment,Entertainment
International,International,International
International,International,International
Sports,Sports,Sports
International,International,International
Science-Technology,International,International
Science-Technology,Science-Technology,Science-Technology
Sports,Sports,Sports
Business,Business,Business
Sports,Sports,Sports
Entertainment,Entertainment,Entertainment
Business,Business,Business
International,International,International
Entertainment,Entertainment,Entertainment
International,Science-Technology,Science-Technology
International,Science-Technology,Science-Technology
Entertainment,Entertainment,Entertainment
Business,Business,Business
International,International,International
International,International,International
Business,Business,Business
International,International,International
Business,Business,Business
Sports,Sports,Sports
Business,Business,Business
Sports,Sports,Sports
International,International,International
Science-Technology,Science-Technology,Business
Sports,Sports,Sports
Sports,Sports,Sports
Sports,Sports,Sports
Sports,Sports,Sports
Science-Technology,Science-Technology,Science-Technology
Business,Business,Business
Sports,Sports,Sports
Sports,Sports,Sports
International,International,International
Sports,Sports,Sports
International,International,International
Science-Technology,Science-Technology,Science-Technology
Business,Business,Business
International,International,International
Science-Technology,Science-Technology,Science-Technology
Sports,Sports,Sports
International,International,International
Science-Technology,Science-Technology,Science-Technology
Entertainment,Entertainment,Entertainment
Sports,Sports,Sports
Business,International,International
Entertainment,Entertainment,Entertainment
Sports,Sports,Sports
International,International,International
Entertainment,Entertainment,Entertainment
Science-Technology,Science-Technology,Science-Technology
Business,Business,Business
Entertainment,Entertainment,Entertainment
Business,Business,Business
Sports,Sports,Sports
Science-Technology,Science-Technology,Science-Technology
Science-Technology,Business,Science-Technology
Science-Technology,Science-Technology,Science-Technology
Science-Technology,Entertainment,Science-Technology
International,International,International
Business,Business,Business
Science-Technology,Science-Technology,Science-Technology
Entertainment,Entertainment,Entertainment
Entertainment,Entertainment,Entertainment
Sports,Sports,Sports
International,International,International
Business,Business,Business
International,International,International
Sports,Sports,Sports
Entertainment,Entertainment,Entertainment
Entertainment,Entertainment,Entertainment
Business,Business,Business
Science-Technology,Science-Technology,Science-Technology
Sports,Sports,Sports
Business,Business,Business
Sports,Sports,Sports
Science-Technology,Science-Technology,Science-Technology
International,International,International
International,International,International
Science-Technology,Science-Technology,Science-Technology
Sports,Sports,Sports
International,Science-Technology,Science-Technology
International,International,International
Entertainment,Entertainment,Entertainment
Entertainment,Entertainment,Entertainment
International,International,International
Sports,Sports,Sports
Sports,Sports,Sports
International,International,International
Entertainment,Entertainment,Entertainment
Entertainment,Entertainment,Entertainment
Business,Business,Business
Business,Business,Business
International,International,International
International,International,International
Business,Business,Business
Sports,Sports,Sports
Business,Business,Business
Business,Business,Business
Sports,Sports,Sports
International,International,International
Sports,Sports,Sports
Entertainment,Entertainment,Entertainment
Business,Business,Business
Business,Business,Business
Science-Technology,International,International
Entertainment,Entertainment,Entertainment
Business,Business,Business
Sports,Sports,Sports
Sports,Sports,Sports
International,International,International
International,International,International
Business,Business,Business
Entertainment,Entertainment,Entertainment
Sports,Sports,Sports
Science-Technology,Science-Technology,Science-Technology
Entertainment,Entertainment,Entertainment
International,International,International
Entertainment,Entertainment,Entertainment
Business,Business,Business
Entertainment,Entertainment,Entertainment
Business,Business,Business
Sports,Sports,Sports
Science-Technology,Science-Technology,Science-Technology
International,Entertainment,International
Sports,Sports,Sports
International,Business,Business
Business,Business,Business
Business,Business,Business
Sports,Sports,Sports
Business,Business,Business
Entertainment,Entertainment,Entertainment
Business,Business,Business
Science-Technology,Science-Technology,Science-Technology
Sports,Sports,Sports
Sports,Sports,Sports
International,International,International
International,International,International
Entertainment,Entertainment,Entertainment
International,International,International
Sports,Sports,Sports
International,Business,Business
Business,Business,Business
Business,Sports,Sports
Sports,Sports,Sports
Sports,Sports,Sports
Entertainment,Entertainment,Entertainment
Sports,Sports,Sports
Entertainment,Entertainment,Entertainment
International,International,International
Business,Business,Business
Entertainment,Science-Technology,Science-Technology
International,International,International
Business,Business,Business
Science-Technology,Science-Technology,Science-Technology
Entertainment,Entertainment,Entertainment
Business,Business,Business
Entertainment,Entertainment,Entertainment
International,International,International
Entertainment,Entertainment,Entertainment
Sports,Sports,Sports
Science-Technology,Science-Technology,Science-Technology
Entertainment,Entertainment,Entertainment
Entertainment,Entertainment,Entertainment
International,International,International
Entertainment,Entertainment,Entertainment
Entertainment,Entertainment,Entertainment
Science-Technology,Science-Technology,Science-Technology
Business,Business,Business
Science-Technology,Science-Technology,Science-Technology
Sports,Sports,Sports
Entertainment,Entertainment,Entertainment
Business,Business,Business
Science-Technology,Science-Technology,Science-Technology
International,International,International
International,International,International
Business,Business,Business
Sports,Sports,Sports
Entertainment,Entertainment,Entertainment
Entertainment,Entertainment,Entertainment
Science-Technology,Science-Technology,Science-Technology
Business,Business,Business
Business,Business,Business
Science-Technology,International,International
International,Entertainment,Science-Technology
Entertainment,Entertainment,Entertainment
Sports,Sports,Sports
International,International,International
Sports,Sports,Sports
Entertainment,Entertainment,Entertainment
International,International,International
Sports,Sports,Sports
Entertainment,Entertainment,Entertainment
Business,Entertainment,Entertainment
Sports,Sports,Sports
International,International,International
Business,Business,Business
Sports,Sports,Sports
Entertainment,Entertainment,Entertainment
Sports,Sports,Sports
Business,Business,Business
International,International,International
Entertainment,Entertainment,Entertainment
International,International,International
Business,Business,Business
Entertainment,Entertainment,Entertainment
Entertainment,Entertainment,Entertainment
Business,Business,Business
Science-Technology,Science-Technology,Science-Technology
Sports,Sports,Sports
Science-Technology,International,International
International,Science-Technology,Science-Technology
Sports,Sports,Sports
Business,Business,Business
Business,Business,Business
Entertainment,Entertainment,Entertainment
Entertainment,Entertainment,Entertainment
Sports,Sports,Sports
Entertainment,Entertainment,Entertainment
Sports,Sports,Sports
Science-Technology,Science-Technology,Science-Technology
Sports,Sports,Sports
Sports,Sports,Sports
Entertainment,Entertainment,Entertainment
Entertainment,Entertainment,Entertainment
Business,Business,Business
Science-Technology,Science-Technology,Science-Technology
Entertainment,Entertainment,Entertainment
Business,Business,Business
International,International,International
Entertainment,Entertainment,Entertainment
Entertainment,Entertainment,Entertainment
Science-Technology,Science-Technology,Science-Technology
Business,Business,Business
Sports,Sports,Sports
Sports,Sports,Sports
Business,Business,Business
Science-Technology,Science-Technology,Science-Technology
Sports,Sports,Sports
International,International,International
Entertainment,Entertainment,Entertainment
International,International,International
Science-Technology,Science-Technology,Science-Technology
Entertainment,Entertainment,Entertainment
Sports,Business,Business
International,International,International
Business,Business,Business
Science-Technology,Science-Technology,Science-Technology
Entertainment,Entertainment,Entertainment
Science-Technology,Science-Technology,Science-Technology
International,International,International
Science-Technology,Science-Technology,Science-Technology
Sports,Sports,Sports
Sports,Sports,Sports
Entertainment,Entertainment,Entertainment
Sports,Sports,Sports
International,International,International
Sports,Sports,Sports
International,International,International
Sports,Sports,Sports
Sports,Sports,Sports
