Ground Truth,Sk Learn,Naive Bayes
International,International,International
Entertainment,Entertainment,Entertainment
Science-Technology,Science-Technology,Science-Technology
Entertainment,Entertainment,Entertainment
Business,Business,Business
Business,Business,Business
Entertainment,Entertainment,Entertainment
Business,Business,Business
Science-Technology,Entertainment,Entertainment
Science-Technology,Science-Technology,Science-Technology
International,International,International
Sports,Sports,Sports
International,International,International
Sports,Sports,Sports
Science-Technology,Science-Technology,Science-Technology
Entertainment,Entertainment,Entertainment
Entertainment,Entertainment,Entertainment
Science-Technology,Science-Technology,Science-Technology
Science-Technology,Science-Technology,Science-Technology
Entertainment,Entertainment,Entertainment
Sports,Sports,Sports
Entertainment,Entertainment,Entertainment
Sports,Sports,Sports
Sports,Sports,Sports
Business,Business,Business
International,International,International
Entertainment,Entertainment,Entertainment
Sports,Sports,Sports
Entertainment,Entertainment,Entertainment
Sports,Sports,Sports
Science-Technology,Science-Technology,Science-Technology
Science-Technology,International,International
Business,Business,Business
Business,Business,Business
Science-Technology,Science-Technology,Science-Technology
Business,Business,Business
Science-Technology,Science-Technology,Science-Technology
Business,Business,Business
Sports,Sports,Sports
Entertainment,Entertainment,Entertainment
Sports,Sports,Sports
Sports,Sports,Sports
International,International,International
International,International,International
Business,Business,Business
International,International,International
Business,Business,Business
Sports,Sports,Sports
Entertainment,Entertainment,Entertainment
International,International,International
International,International,International
Science-Technology,Science-Technology,Science-Technology
International,International,International
International,International,International
Sports,Sports,Sports
Entertainment,Entertainment,Entertainment
International,International,International
Entertainment,Entertainment,Entertainment
Science-Technology,Science-Technology,Science-Technology
Science-Technology,Science-Technology,Science-Technology
Sports,Sports,Sports
Sports,Sports,Sports
International,International,International
Sports,Sports,Sports
Business,Business,Business
Entertainment,Entertainment,Entertainment
International,International,International
Business,Business,Business
International,International,International
Sports,Sports,Sports
International,International,International
Business,Business,Business
Business,Business,Business
Sports,Sports,Sports
Business,Business,Business
Sports,Sports,Sports
Entertainment,Entertainment,Entertainment
Science-Technology,Entertainment,Entertainment
Entertainment,Entertainment,Entertainment
Sports,Sports,Sports
Business,Business,Business
Science-Technology,Science-Technology,Science-Technology
Science-Technology,Sports,Sports
Sports,Sports,Sports
Entertainment,Entertainment,Entertainment
Entertainment,Entertainment,Entertainment
International,International,International
Entertainment,Entertainment,Entertainment
International,International,International
Science-Technology,Science-Technology,Science-Technology
Sports,Sports,Sports
Sports,Sports,Sports
Business,Business,Business
Sports,Sports,Sports
Sports,Sports,Sports
Business,Business,Business
Business,Business,Business
Business,Business,Business
Entertainment,Entertainment,Entertainment
Entertainment,Entertainment,Entertainment
International,International,International
Business,Business,Business
Entertainment,Entertainment,Entertainment
Business,Business,Business
Business,Business,Business
Sports,Sports,Sports
Entertainment,International,International
Business,Business,Business
Entertainment,Entertainment,Entertainment
Sports,Sports,Sports
International,International,International
Science-Technology,Science-Technology,Science-Technology
Business,Business,Business
Business,Business,Business
Business,Business,Business
Business,Business,Business
Entertainment,Entertainment,Entertainment
Entertainment,Entertainment,Entertainment
Business,Business,Business
Science-Technology,Science-Technology,Science-Technology
International,International,International
Entertainment,Entertainment,Entertainment
Entertainment,Entertainment,Entertainment
Sports,Sports,Sports
Sports,Sports,Sports
Science-Technology,Science-Technology,Science-Technology
Entertainment,Entertainment,Entertainment
Science-Technology,Science-Technology,Science-Technology
Science-Technology,Science-Technology,Science-Technology
Entertainment,Entertainment,Entertainment
Entertainment,International,International
Business,Business,Business
International,International,International
Business,Business,Business
Business,Business,Business
Entertainment,Entertainment,Entertainment
Entertainment,Entertainment,Entertainment
Science-Technology,Science-Technology,Science-Technology
Business,Business,Business
Entertainment,Entertainment,Entertainment
Business,Business,Business
International,International,International
Sports,Sports,Sports
Sports,Sports,Sports
Entertainment,Entertainment,Entertainment
Science-Technology,Science-Technology,Science-Technology
International,International,International
Entertainment,Business,Business
Sports,Sports,Sports
Entertainment,Entertainment,Entertainment
International,International,International
International,International,International
Sports,Sports,Sports
International,International,International
Business,Business,Business
Science-Technology,International,International
Business,International,International
Business,Business,Business
Business,Business,Business
Business,Business,Business
Business,Business,Business
International,International,International
Science-Technology,Science-Technology,Science-Technology
International,International,International
Entertainment,Entertainment,Entertainment
Business,International,International
Business,Business,Business
Sports,Sports,Sports
Sports,Sports,Sports
Business,Business,Business
Entertainment,Entertainment,Entertainment
Entertainment,Entertainment,Entertainment
Sports,Sports,Sports
International,International,International
International,International,International
Sports,Sports,Sports
International,International,International
Sports,Sports,Sports
Science-Technology,Science-Technology,Science-Technology
International,International,International
International,International,International
Sports,Sports,Sports
Science-Technology,Science-Technology,Science-Technology
Entertainment,Entertainment,Entertainment
International,International,International
Sports,Sports,Sports
Science-Technology,Science-Technology,Science-Technology
Science-Technology,Science-Technology,Science-Technology
Sports,Sports,Sports
International,International,International
Business,Business,Business
Entertainment,Entertainment,Entertainment
International,Entertainment,Entertainment
Science-Technology,Science-Technology,Science-Technology
Business,Business,Business
Entertainment,Entertainment,Entertainment
International,International,International
Science-Technology,Science-Technology,Science-Technology
Sports,Sports,Sports
International,International,International
Science-Technology,Science-Technology,Science-Technology
Sports,Sports,Sports
Sports,Sports,Sports
Business,Business,Business
Sports,Sports,Sports
Science-Technology,Science-Technology,Science-Technology
International,International,International
Sports,Sports,Sports
Entertainment,Entertainment,Entertainment
Business,Business,Business
Sports,Sports,Sports
International,International,International
International,International,International
Entertainment,Entertainment,Entertainment
Entertainment,Entertainment,Entertainment
Entertainment,Entertainment,Entertainment
Sports,Sports,Sports
Business,Business,Business
Business,Business,Business
Entertainment,Entertainment,Entertainment
Sports,Sports,Sports
Business,International,International
Entertainment,Entertainment,Entertainment
Sports,Sports,Sports
Entertainment,Entertainment,Entertainment
Sports,Sports,Sports
Business,Business,Business
Business,Business,Business
Sports,Sports,Sports
International,Entertainment,Entertainment
Sports,Sports,Sports
Science-Technology,Science-Technology,Science-Technology
Business,Business,Business
Entertainment,International,International
Entertainment,Entertainment,Entertainment
Entertainment,Entertainment,Entertainment
Business,Business,Business
Sports,Sports,Sports
Sports,Sports,Sports
Sports,Sports,Sports
Sports,Sports,Sports
Business,Business,Business
International,Entertainment,Entertainment
International,International,International
Sports,Sports,Sports
Science-Technology,Science-Technology,Science-Technology
International,International,International
Science-Technology,Science-Technology,Science-Technology
Science-Technology,Science-Technology,Science-Technology
Sports,International,International
Business,Business,Business
Science-Technology,Science-Technology,Science-Technology
Business,Business,Business
International,International,International
International,International,International
Sports,Sports,Sports
Business,Business,Business
International,International,International
Entertainment,Entertainment,Entertainment
Entertainment,Entertainment,Entertainment
Sports,Sports,Sports
Sports,Sports,Sports
Entertainment,International,International
Sports,Sports,Sports
Sports,Sports,Sports
Science-Technology,Science-Technology,Science-Technology
Sports,Sports,Sports
Business,Business,Business
Entertainment,Entertainment,Entertainment
Entertainment,Entertainment,Entertainment
Science-Technology,Entertainment,Entertainment
Business,Business,Business
Business,Business,Business
Entertainment,Entertainment,Entertainment
Science-Technology,Science-Technology,Science-Technology
Science-Technology,Science-Technology,Science-Technology
Science-Technology,International,International
Entertainment,Entertainment,Entertainment
Entertainment,Entertainment,Entertainment
Sports,Sports,Sports
Business,Business,Business
Entertainment,Entertainment,Entertainment
Sports,Sports,Sports
Business,Business,Business
International,Business,Business
Business,Business,Business
Sports,Sports,Sports
Business,Business,Business
Sports,Sports,Sports
International,International,International
Business,Business,Business
Sports,Sports,Sports
Business,Business,Business
Business,Business,Business
International,International,International
Science-Technology,Science-Technology,Science-Technology
International,International,International
Sports,Sports,Sports
Business,Business,Business
Business,Business,Business
Entertainment,Entertainment,Entertainment
Sports,Sports,Sports
International,International,International
Science-Technology,Science-Technology,Science-Technology
Science-Technology,Science-Technology,Science-Technology
Entertainment,Entertainment,Entertainment
Business,Business,Business
Sports,Sports,Sports
Entertainment,Entertainment,Entertainment
Business,Business,Business
Science-Technology,Science-Technology,Science-Technology
Science-Technology,Science-Technology,Science-Technology
Entertainment,Entertainment,Entertainment
Entertainment,Entertainment,Entertainment
Business,Business,Business
Science-Technology,Science-Technology,Science-Technology
International,International,International
International,International,International
Sports,Sports,Sports
International,International,International
Business,Business,Business
International,International,International
Science-Technology,Science-Technology,Science-Technology
Science-Technology,Science-Technology,Science-Technology
Sports,Sports,Sports
International,International,International
Sports,Sports,Sports
International,International,International
Sports,Sports,Sports
Science-Technology,Science-Technology,Science-Technology
Science-Technology,Science-Technology,Science-Technology
Sports,Sports,Sports
Entertainment,Entertainment,Entertainment
Business,Business,Business
Entertainment,Entertainment,Entertainment
Business,Business,Business
International,International,International
Sports,Sports,Sports
International,International,International
Business,Business,Business
Sports,Sports,Sports
Entertainment,Entertainment,Entertainment
Sports,Sports,Sports
International,International,International
Sports,Sports,Sports
International,International,International
Science-Technology,Science-Technology,Science-Technology
Science-Technology,Science-Technology,Science-Technology
Sports,Sports,Sports
Science-Technology,Science-Technology,Science-Technology
Business,Business,Business
Business,Business,Business
Entertainment,Entertainment,Entertainment
Entertainment,Entertainment,Entertainment
Business,Business,Business
International,International,International
Sports,Sports,Sports
Business,Business,Business
Sports,Sports,Sports
Business,Business,Business
Business,Business,Business
Science-Technology,Science-Technology,Science-Technology
Business,Business,Business
Sports,Sports,Sports
Entertainment,Entertainment,Entertainment
Sports,Sports,Sports
Entertainment,Entertainment,Entertainment
Entertainment,International,International
Business,Business,Business
International,International,International
Business,Business,Business
Business,Business,Business
Sports,Sports,Sports
Entertainment,Entertainment,Entertainment
International,International,International
Sports,Sports,Sports
Sports,Sports,Sports
International,International,International
Entertainment,Entertainment,Entertainment
International,International,International
Business,Business,Business
International,International,International
Sports,Sports,Sports
Sports,Sports,Sports
Sports,Sports,Sports
Sports,Sports,Sports
Sports,Sports,Sports
Sports,Sports,Sports
International,International,International
Sports,Sports,Sports
Business,Business,Business
International,International,International
Sports,Sports,Sports
Sports,Sports,Sports
Sports,Sports,Sports
Sports,Sports,Sports
International,International,International
Sports,Sports,Sports
Sports,Sports,Sports
Business,Business,Business
International,International,International
Science-Technology,Science-Technology,Science-Technology
Business,Business,Business
Entertainment,Entertainment,Entertainment
Sports,Sports,Sports
Business,Business,Business
Sports,Sports,Sports
Sports,Sports,Sports
Science-Technology,Science-Technology,Science-Technology
International,International,International
International,International,International
International,International,International
Sports,Sports,Sports
Sports,Sports,Sports
Business,Business,Business
International,International,International
Entertainment,Entertainment,Entertainment
Science-Technology,Science-Technology,Science-Technology
Sports,Sports,Sports
Science-Technology,Science-Technology,Science-Technology
Science-Technology,Science-Technology,Science-Technology
Entertainment,Entertainment,Entertainment
Entertainment,Entertainment,Entertainment
Entertainment,Entertainment,Entertainment
Business,Business,Business
Entertainment,Entertainment,Entertainment
International,International,International
Science-Technology,Science-Technology,Science-Technology
Entertainment,Entertainment,Entertainment
International,Entertainment,Entertainment
Business,Business,Business
Entertainment,Entertainment,Entertainment
Sports,Sports,Sports
Science-Technology,Science-Technology,Science-Technology
Business,Business,Business
International,International,International
Sports,Sports,Sports
Science-Technology,Science-Technology,Science-Technology
Science-Technology,International,International
Sports,Sports,Sports
Science-Technology,Science-Technology,Science-Technology
International,International,International
International,International,International
Entertainment,Entertainment,Entertainment
Sports,Sports,Sports
International,International,International
Entertainment,Entertainment,Entertainment
Business,Business,Business
Science-Technology,Science-Technology,Science-Technology
Sports,Sports,Sports
Business,Business,Business
Sports,Sports,Sports
International,International,International
International,International,International
International,International,International
Sports,Sports,Sports
Business,Business,Business
Business,Business,Business
Business,Business,Business
Business,Business,Business
International,International,International
Entertainment,Entertainment,Entertainment
International,International,International
International,International,International
International,International,International
International,International,International
Sports,Sports,Sports
International,International,International
Entertainment,Entertainment,Entertainment
Entertainment,Entertainment,Entertainment
Sports,Sports,Sports
Entertainment,Entertainment,Entertainment
Entertainment,Entertainment,Entertainment
Business,Business,Business
Science-Technology,Science-Technology,Science-Technology
Business,Business,Business
Entertainment,Entertainment,Entertainment
Sports,Sports,Sports
International,International,International
Business,Business,Business
Entertainment,Entertainment,Entertainment
Sports,Sports,Sports
Entertainment,Entertainment,Entertainment
