Gold Labels,NN Predictions,SK Predictions
Entertainment,Entertainment,Entertainment
Sports,Sports,Sports
Entertainment,Entertainment,Entertainment
Sports,Sports,Sports
Entertainment,Entertainment,Entertainment
Business,Business,Business
Entertainment,Entertainment,Entertainment
Entertainment,Entertainment,Entertainment
Business,Business,Business
Entertainment,Entertainment,Entertainment
Sports,Sports,Sports
International,International,International
International,International,International
International,International,International
International,International,International
International,International,International
International,International,International
Sports,Sports,Sports
Sports,International,Sports
Business,Business,Business
Sports,Sports,Sports
Entertainment,Entertainment,Entertainment
Business,Business,Business
Science-Technology,Science-Technology,Science-Technology
Entertainment,Entertainment,Entertainment
Science-Technology,Business,Science-Technology
International,International,International
Entertainment,Entertainment,Entertainment
International,International,International
Entertainment,Entertainment,Entertainment
Business,Business,Business
Sports,Sports,Sports
International,International,International
International,International,International
Sports,Sports,Sports
Business,Business,Business
Sports,Sports,Sports
Business,Business,Business
International,International,International
Business,Business,Business
International,International,International
Sports,Business,Sports
Business,Business,Business
Entertainment,Entertainment,Entertainment
Entertainment,Entertainment,Entertainment
International,International,Science-Technology
International,International,International
Sports,Sports,Sports
International,International,International
Sports,Sports,Sports
Science-Technology,Science-Technology,Science-Technology
Entertainment,Entertainment,Entertainment
Science-Technology,Science-Technology,Science-Technology
Entertainment,Entertainment,Entertainment
Entertainment,Entertainment,Entertainment
Science-Technology,Business,Business
Entertainment,Entertainment,Entertainment
International,Science-Technology,Science-Technology
Sports,Sports,Sports
Science-Technology,International,Science-Technology
Science-Technology,Science-Technology,Science-Technology
Entertainment,Entertainment,Entertainment
International,International,Science-Technology
International,International,International
Sports,Sports,Sports
Entertainment,Entertainment,Entertainment
International,International,International
Sports,Sports,Sports
International,International,Entertainment
Entertainment,Entertainment,Entertainment
Business,Business,Business
Entertainment,Entertainment,Entertainment
Sports,Sports,Sports
Science-Technology,International,Science-Technology
Sports,Sports,Sports
Entertainment,Entertainment,Entertainment
Science-Technology,Science-Technology,Science-Technology
Science-Technology,International,Science-Technology
Business,Business,Business
International,International,International
Science-Technology,Science-Technology,Science-Technology
Business,Business,Business
Business,Business,Business
Entertainment,Entertainment,Entertainment
Sports,Sports,Sports
Entertainment,Entertainment,Entertainment
Sports,Sports,Sports
International,International,Science-Technology
Sports,Sports,Sports
International,International,International
Entertainment,Entertainment,Entertainment
Business,Business,Business
International,International,International
Entertainment,Entertainment,Entertainment
Entertainment,Entertainment,Entertainment
Science-Technology,Science-Technology,Science-Technology
Business,Business,Business
Sports,Sports,Sports
Entertainment,Entertainment,Entertainment
Science-Technology,Science-Technology,Science-Technology
Sports,Sports,Sports
Science-Technology,International,International
International,International,International
Sports,Sports,Sports
Business,Business,Business
Business,Business,Business
Entertainment,Entertainment,Entertainment
Science-Technology,Science-Technology,Science-Technology
Business,Business,Business
Sports,Sports,Sports
Sports,Sports,Sports
Business,Business,Business
International,International,International
International,International,International
Sports,Sports,Sports
International,International,International
Sports,Sports,Sports
Sports,Sports,Sports
Business,Business,Business
Entertainment,Entertainment,Entertainment
International,International,International
International,International,International
Science-Technology,Science-Technology,Science-Technology
Science-Technology,Science-Technology,Science-Technology
Sports,Sports,Sports
Business,Business,Business
Business,Business,Business
Sports,Sports,Sports
Entertainment,Entertainment,Entertainment
Business,Business,Business
Sports,Sports,Sports
International,Entertainment,Entertainment
Science-Technology,Science-Technology,Science-Technology
International,International,International
International,International,International
Sports,Sports,Sports
Sports,Sports,Sports
International,International,International
Science-Technology,Science-Technology,Science-Technology
International,International,International
International,International,International
Entertainment,Entertainment,Entertainment
Entertainment,Entertainment,Entertainment
Entertainment,Entertainment,Entertainment
International,International,International
Sports,Sports,Sports
International,International,International
Business,Business,Business
International,International,International
Sports,Sports,Sports
International,International,International
Business,Business,Business
Entertainment,Entertainment,Entertainment
Entertainment,Entertainment,Entertainment
International,International,International
Business,Business,Business
Business,Sports,Sports
Entertainment,Entertainment,Entertainment
Business,Business,Business
Business,Business,Business
Science-Technology,Science-Technology,Science-Technology
